update,loss,win_rate,win_rate_black,win_rate_white,avg_game_length,entropy,value_loss,raw_value_mse,tactics_wins,tactics_blocks,tactics_synth_wins_eq,tactics_synth_wins_missed,tactics_synth_blocks,imitation_black,imitation_white,win_miss_ema,block_miss_ema,win_boost,block_boost,cf_attempted,cf_candidates_avg,cf_added,cf_winrate_avg,cf_entropy_avg,time_total,time_selfplay,time_train,learning_rate
8,5.027477576863021,0.921875,0.9232685009487667,0.9208333333333334,54.572265625,4.424287196318434,0.6217744730383856,0.6206440358014695,472,6,558,3538,309,0,0,0.9932149921979029,0.9763671626475047,0.9999687746022204,0.7498093199570551,0,0.0,0,0.0,0.0,21.96943673491478,3.2564185857772827,18.712667167186737,0.0003999323155727715
16,4.655898826662451,0.962890625,0.956838429816371,0.9706737987987988,34.708984375,3.855294989460755,0.09428434882283909,0.09272611695246052,493,1,678,3418,58,0,0,0.9848386597543479,0.9619451164216566,0.9997997639332433,0.748896697617384,0,0.0,0,0.0,0.0,15.245222747325897,1.9971371591091156,13.24758630990982,0.0003998646425984973
24,4.309652571566403,0.966796875,0.9678309630835207,0.9644675198954484,26.958984375,3.577276186821683,0.08096519172977423,0.07706876637120408,495,0,722,3178,45,0,0,0.9729116993447482,0.964259517757094,0.9994120621055586,0.7490268168585839,0,0.0,0,0.0,0.0,12.600396484136581,1.60586416721344,10.9941965341568,0.00039979698107523923
32,2.3348094148095697,0.966796875,0.9850472403117327,0.9491991158066209,10.8515625,2.164953242791408,0.15358307095448254,0.15114735065711365,495,0,353,112,11,0,0,0.9210739244121301,0.943657125164469,0.9947330997957813,0.7475814684006652,0,0.0,0,0.0,0.0,4.156785249710083,0.6451476812362671,3.511352390050888,0.0003997293310010598
40,1.9893368817865849,0.939453125,0.9623418134006589,0.9159319653144093,10.498046875,2.1039972256229533,0.1333700951654464,0.13270457200835473,481,0,290,75,12,0,0,0.8710748755094394,0.9239485852953064,0.9848659090066122,0.7464523727440538,0,0.0,0,0.0,0.0,3.960700184106827,0.6195422112941742,3.3408477902412415,0.0003996616923740217
48,1.584981169551611,0.943359375,0.9754505621693121,0.9097577168024111,9.349609375,1.4729992142128339,0.12582622189074755,0.1263374567310525,483,0,341,12,18,0,0,0.819067165467881,0.9208223742745536,0.9694304860422146,0.7452238417289418,0,0.0,0,0.0,0.0,3.521887421607971,0.5212449431419373,3.000362753868103,0.000399594065192188
56,1.5282713044434786,0.90234375,0.9476813687410224,0.8592958880787829,9.087890625,1.589186291190213,0.1075970632955432,0.10657761443279659,462,0,362,23,17,0,0,0.7710479408992761,0.9182426181939696,0.949972528683285,0.7449075390062929,0,0.0,0,0.0,0.0,3.4196422696113586,0.4861527383327484,2.9331696927547455,0.00039952644945362187
64,1.412999413907528,0.853515625,0.9319539950291849,0.7734038266207384,9.15625,1.6356408423071458,0.1057098499732092,0.10833950815456803,437,0,351,25,26,0,0,0.7267731682460771,0.9077114879145979,0.9283010074523119,0.7445632349159789,0,0.0,0,0.0,0.0,3.704889416694641,0.5154479146003723,3.189089149236679,0.0003994588451563871
72,1.3490157462656498,0.830078125,0.9183709956325088,0.7374225195328505,8.931640625,1.5849704075548963,0.11462706804741174,0.11206402224089344,425,0,348,16,25,0,0,0.683913124253526,0.9056934194302202,0.9033720913811556,0.7432242440180336,0,0.0,0,0.0,0.0,3.34142342209816,0.4813244640827179,2.8597643077373505,0.00039939125229854775
80,1.2578610004857183,0.837890625,0.9419271326031762,0.7262017657048083,8.880859375,1.4700434728460607,0.10916214704047889,0.10760050138091884,429,0,361,4,17,0,0,0.6427081444349465,0.903737999536651,0.8759332088582275,0.7429403442156592,0,0.0,0,0.0,0.0,3.3004606664180756,0.4639398455619812,2.8361122012138367,0.000399323670878168
88,1.0803606221452355,0.779296875,0.9057199248850103,0.6670325883885757,8.66796875,1.3463576926019207,0.09169391624163836,0.08916101744683563,399,0,343,2,32,0,0,0.6037776113452302,0.9095924098376469,0.8467526215851437,0.7437729328769949,0,0.0,0,0.0,0.0,3.220700293779373,0.4625219404697418,2.7578685879707336,0.00039925610089331254
96,0.9194499645382166,0.7578125,0.8869454807949608,0.611329629278218,8.7734375,1.269361028615037,0.05563706636894494,0.05317924472309064,388,0,337,1,28,0,0,0.5672124203022421,0.9150907697780909,0.8165408295568435,0.7445073292326203,0,0.0,0,0.0,0.0,3.232844799757004,0.4652050733566284,2.7672560811042786,0.00039918854234204646
104,0.8861568090505898,0.736328125,0.8803268964976418,0.5971290059652128,8.64453125,1.1620893045439449,0.0755864082602784,0.07126094898640171,377,0,335,0,37,0,0,0.5327160019825901,0.9202547334363158,0.7855482225852748,0.7451551137055565,0,0.0,0,0.0,0.0,3.205300956964493,0.47237369418144226,2.7325141727924347,0.00039912099522243494
112,0.7208479051478207,0.630859375,0.8405839888904405,0.4539653214937845,8.7421875,1.2637443957084395,0.13695746241137385,0.13868740339853067,323,0,277,4,42,0,0,0.5007021135083574,0.9251046379446254,0.7546230770631033,0.7457265009682559,0,0.0,0,0.0,0.0,3.136793792247772,0.4766431748867035,2.6596690118312836,0.0003990534595325437
120,0.6803406128310598,0.607421875,0.7950870905158565,0.3748169885669886,8.86328125,1.4386370533586006,0.1467803039122373,0.1485311572799579,311,0,222,14,51,0,0,0.4718304037024676,0.9296595835826057,0.7247115606409757,0.7462305010139736,0,0.0,0,0.0,0.0,3.195173054933548,0.5058317482471466,2.6889542639255524,0.0003989859352704387
128,0.2603649999946356,0.517578125,0.7211165431829016,0.3321724402273971,9.28515625,1.8638436003138894,0.11370370216900483,0.11854364124491877,265,2,175,57,78,0,0,0.4510041857033837,0.9322294114115599,0.7010568527237884,0.7465009006322376,0,0.0,0,0.0,0.0,3.6241343021392822,0.5597899556159973,3.063882887363434,0.00039891842243418616
136,-0.8173946678871289,0.3828125,0.4854489392597858,0.29288667785026734,10.4765625,0.8998983481979107,0.07128661844762973,0.075045337553969,196,18,70,66,114,0,0,0.4369866637622939,0.9273154575287322,0.6861637138246581,0.7460825024115887,0,0.0,0,0.0,0.0,3.661523222923279,0.6231269836425781,3.0381220281124115,0.00039885092102185277
144,0.24022603640332818,0.55078125,0.6731874965852808,0.4131670771756979,11.31640625,1.2311486359966566,0.11522387363947928,0.12198903049214864,282,35,143,79,124,0,0,0.42053345070428005,0.9193729137599286,0.6673090322643495,0.7451997476766251,0,0.0,0,0.0,0.0,4.137111127376556,0.7045120298862457,3.4323192834854126,0.00039878343103150546
152,0.008066996986599406,0.56640625,0.6565192692613783,0.465506491035528,12.75,0.7130385728342821,0.09259748990734806,0.09080357923845822,290,54,127,70,161,0,0,0.4055968884326504,0.9087994984185503,0.650471403635338,0.7438428765443629,0,0.0,0,0.0,0.0,4.625261515378952,0.8219341337680817,3.803033709526062,0.0003987159524612115
160,0.6015586458961479,0.64453125,0.7640943362910275,0.5055025774523133,13.5390625,1.1597685529555741,0.10956623563834,0.10839603718625637,330,48,165,42,74,0,0,0.38617461989182056,0.8913074398266014,0.625594302566536,0.7415242494103731,0,0.0,0,0.0,0.0,4.908437877893448,0.9122170507907867,3.995790034532547,0.0003986484853090385
168,0.033397981722373515,0.50390625,0.6075387924072134,0.3799891675844489,13.72265625,1.9759264294514574,0.08157200415735133,0.08120483560255824,258,38,131,135,117,0,0,0.37830849285104323,0.8836670878591049,0.6133868563652662,0.7401685123413049,0,0.0,0,0.0,0.0,5.022299349308014,0.9341267645359039,4.087871015071869,0.0003985810295730544
176,0.7287169768242165,0.705078125,0.789298259982266,0.626082251082251,15.7890625,1.291597769081743,0.09594021829252597,0.09185136928637304,361,53,153,115,98,0,0,0.3661392389880896,0.8693488422743202,0.6014440988364091,0.7373812139367455,0,0.0,0,0.0,0.0,5.698768794536591,1.0238963961601257,4.674472242593765,0.0003985135852513274
184,0.8468050447991118,0.74609375,0.8512468865299113,0.6449815946115288,18.794921875,1.5041232187987974,0.08686040414613672,0.0804653574792282,382,82,188,167,94,0,0,0.35716421635770446,0.8473403775955398,0.5881123218646893,0.7334942402460811,0,0.0,0,0.0,0.0,6.800758749246597,1.2179345488548279,5.582430571317673,0.00039844615234192613
192,0.7496932817157358,0.7421875,0.7511537074037075,0.727645308772378,17.87890625,1.3494744816467201,0.09009572010836564,0.08535856172751297,380,83,206,101,113,0,0,0.34492482848371453,0.8316486213386415,0.5710380195496443,0.7296099249485536,0,0.0,0,0.0,0.0,6.688472092151642,1.1164044737815857,5.571642488241196,0.00039837873084291945
200,0.9291497402009554,0.712890625,0.7301915916835271,0.6963851474318148,21.546875,1.8723525405522168,0.07809969458321575,0.07268196241361394,365,123,190,362,156,0,0,0.3449044506935998,0.815029525186635,0.5721145350777472,0.7253096288501841,0,0.0,0,0.0,0.0,7.939715504646301,1.3904994428157806,6.548877120018005,0.0003983113207523767
208,0.6023416590942361,0.69140625,0.7187311181424738,0.6691061542624043,19.81640625,1.8317365810793913,0.07881453707523178,0.07339656061356287,354,82,192,210,124,0,0,0.34104537489623676,0.8014360316784155,0.5657147010728718,0.7209271569132121,0,0.0,0,0.0,0.0,7.146056264638901,1.2281231582164764,5.917667239904404,0.0003982439220683673
216,1.259400663049746,0.76171875,0.769987344502194,0.7591299223103658,26.408203125,1.8096283518362228,0.06470877005631337,0.05857732053226211,390,148,226,658,166,0,0,0.34986453711467275,0.7835036971463335,0.5779129618431171,0.7154530800031085,0,0.0,0,0.0,0.0,9.753691375255585,1.593174159526825,8.15977793931961,0.00039817653478896125
224,0.7112682061851956,0.61328125,0.6401369956654337,0.5879577411835477,23.427734375,2.5557175880034118,0.060067124242777936,0.056293545806757155,314,95,210,584,161,0,0,0.3601330285114744,0.7734328116390498,0.5886225663394203,0.711963187736515,0,0.0,0,0.0,0.0,8.650100857019424,1.407397836446762,7.242365717887878,0.0003981091589122287
232,1.130059843417257,0.7421875,0.7563859445293268,0.724722964189559,21.888671875,2.0923751551290497,0.06772518980142195,0.06339321385797919,380,69,244,532,144,0,0,0.3647895598548395,0.7690032357744678,0.5986018386211913,0.7098957577835241,0,0.0,0,0.0,0.0,8.199194252490997,1.332640379667282,6.866229474544525,0.00039804179443624023
240,1.6160890003666282,0.689453125,0.7081468818537784,0.670454234618149,22.001953125,2.4710536547536925,0.07497596449684352,0.07244084227729883,353,93,321,1310,122,0,0,0.38234738904285837,0.757199121827478,0.6172644991470987,0.7064108549729877,0,0.0,0,0.0,0.0,8.945421725511551,1.345514327287674,7.599542498588562,0.0003979744413590667
248,1.3329052771441638,0.82421875,0.8258706791668252,0.8217610405329194,12.630859375,1.5023995657132674,0.13904436960001476,0.13660275584743994,422,56,295,214,62,0,0,0.37310911025131444,0.7423732149589553,0.608632844467854,0.7014581909181087,0,0.0,0,0.0,0.0,4.8412186205387115,0.7968560457229614,4.043828368186951,0.00039790709967877925
256,1.0586654068902135,0.76171875,0.7930219834074328,0.7368746609315663,11.71875,1.6496553619023533,0.14122961624525487,0.14071355546897726,390,54,220,96,77,0,0,0.35919109370922087,0.7338162570219929,0.5922627609617723,0.6963359115548622,0,0.0,0,0.0,0.0,4.5670779049396515,0.7030027806758881,3.863743245601654,0.0003978397693934495
264,1.0543014239519835,0.76953125,0.8337998226971629,0.7032371580625256,10.4296875,1.1227626473773733,0.14960179314948618,0.1516472021139232,394,12,206,34,69,0,0,0.3410458987967374,0.7402534226866098,0.5681832069714156,0.6991594298757134,0,0.0,0,0.0,0.0,3.770641475915909,0.5945547223091125,3.175773561000824,0.0003977724505011492
272,0.9568997211754322,0.7265625,0.8125649374893327,0.6389774028592488,10.66796875,1.2635009441166274,0.13478141778614372,0.1403235840296571,372,16,183,42,79,0,0,0.32494855657340926,0.7449986570979537,0.5475497576665889,0.7006929208247149,0,0.0,0,0.0,0.0,3.8542082011699677,0.6225574910640717,3.2313530147075653,0.0003977051429999506
280,1.0369282830506563,0.775390625,0.8472036768911768,0.6935842092092093,10.3359375,1.351445182517041,0.13024710200261325,0.13488766507262798,397,12,190,45,56,0,0,0.30992056590451,0.7496492556232245,0.5257978589071689,0.7027905163597017,0,0.0,0,0.0,0.0,3.7572358548641205,0.6003994047641754,3.1565471291542053,0.00039763784688792616
288,0.9051668383181095,0.771484375,0.8529338763234318,0.6803884867631119,9.603515625,1.195113343445066,0.11798558628652245,0.11791470921626775,395,10,198,35,53,0,0,0.29496438552806103,0.7534810465914682,0.505342730589419,0.7039936953342162,0,0.0,0,0.0,0.0,3.4731788337230682,0.5362134277820587,2.936631053686142,0.0003975705621631487
296,0.9303414169698954,0.78515625,0.8987091419097746,0.6878047546646125,9.412109375,0.8359164375037351,0.09835636243224144,0.096482374505942,402,16,242,12,60,0,0,0.2782856819230759,0.7561611338903359,0.4820685915746319,0.7052806108174509,0,0.0,0,0.0,0.0,3.390694737434387,0.4999220669269562,2.890438288450241,0.00039750328882369137
304,0.7259480366483331,0.74609375,0.8645052755346873,0.6344826625287026,9.208984375,0.7791350709935241,0.09425868274411187,0.09149264313376859,382,7,234,10,41,0,0,0.2626175972813205,0.762822910475947,0.4590661101872535,0.7071432502065722,0,0.0,0,0.0,0.0,3.32078817486763,0.5149651765823364,2.8053113520145416,0.0003974360268676277
312,0.67376440713997,0.720703125,0.8605413683538683,0.5896761025138042,9.111328125,0.8235509384067278,0.13050061685498804,0.1293270502204146,369,10,182,8,53,0,0,0.24775479784998708,0.7680644875257003,0.43657597278105575,0.7098016254008559,0,0.0,0,0.0,0.0,3.2325503826141357,0.5141529142856598,2.717816710472107,0.0003973687762930314
320,0.5084221933830122,0.685546875,0.857842438164528,0.5024497423690972,9.37109375,0.7060648270314174,0.08434676105389372,0.08646944511383879,351,17,161,5,66,0,0,0.23339372210385576,0.7685812599989558,0.4145936988488602,0.7104141764076801,0,0.0,0,0.0,0.0,3.5834763050079346,0.5360715389251709,3.047029584646225,0.00039730153709797674
328,0.15533816703828052,0.6484375,0.8079851772955221,0.48391320313860886,9.529296875,0.8256434930825975,0.10508978983853012,0.10466727924218952,332,14,117,24,78,0,0,0.22234708677225087,0.7726614081669463,0.39712307016515025,0.7108502404686846,0,0.0,0,0.0,0.0,3.3791564404964447,0.5603726804256439,2.8183219134807587,0.00039723430928053803
336,0.43749614208354615,0.61328125,0.6989122213513694,0.5337962962962963,15.705078125,1.1597559635424495,0.10891475512471516,0.11740766908294896,314,64,131,92,146,0,0,0.22032188156271967,0.7693808384249954,0.3930528022848815,0.7104392801160415,0,0.0,0,0.0,0.0,5.615717053413391,0.9795092642307281,4.635750561952591,0.0003971670928387901
344,0.5868122088722885,0.73828125,0.8030708683578702,0.6830592264590567,15.767578125,1.4324386826425246,0.0842797854456876,0.08946374855648295,378,45,168,73,119,0,0,0.21511748657114402,0.7666411149607715,0.38501564722677584,0.70943280862117,0,0.0,0,0.0,0.0,5.691854685544968,1.0140570402145386,4.677480489015579,0.00039709988777080813
352,1.1623894039075822,0.806640625,0.8240379918676985,0.7905237533288255,16.763671875,1.825615407258955,0.07912029367071227,0.07990030989892134,413,54,224,119,84,0,0,0.2123805069143758,0.7570894097626115,0.38042902675795,0.7064054521920052,0,0.0,0,0.0,0.0,6.049749910831451,1.0285326540470123,5.020866304636002,0.0003970326940746675
360,1.0885606538504362,0.791015625,0.8102226143314539,0.7727847681955187,18.447265625,1.9401470651931647,0.06615725017036311,0.06622537827253197,405,118,223,111,75,0,0,0.20988615919632142,0.7350928927033697,0.3761590583080042,0.6988156772181209,0,0.0,0,0.0,0.0,6.509249359369278,1.0473178625106812,5.461576700210571,0.0003969655117484439
368,0.9904315992353077,0.818359375,0.8782904332904333,0.7575493338360986,18.66796875,1.5876093132367606,0.06570598973485176,0.06902733549087872,419,94,232,70,61,0,0,0.20378118764788064,0.7146272848221592,0.3681412221073713,0.6900147917151934,0,0.0,0,0.0,0.0,6.564712673425674,1.0759121775627136,5.488502413034439,0.0003968983407902135
376,0.8198326684068888,0.806640625,0.7932921119919831,0.816944084503679,18.408203125,1.483673589053574,0.0501750907569658,0.05078988348821485,413,112,235,54,65,0,0,0.19670832397993335,0.6931599236157683,0.356138061830212,0.6805760512094177,0,0.0,0,0.0,0.0,6.440820723772049,1.0315287411212921,5.408975690603256,0.0003968311811980527
384,0.834664634312503,0.837890625,0.8169430631031196,0.8671069902319903,21.51171875,1.2130053010356712,0.05925906049014884,0.05862636026169525,429,202,224,53,52,0,0,0.19001870615138092,0.6636363738890051,0.345234546218833,0.6667799713987241,0,0.0,0,0.0,0.0,7.598524481058121,1.1294787228107452,6.468665033578873,0.00039676403297003824
392,1.0035601278068498,0.822265625,0.829263422895236,0.8173061882890054,25.95703125,1.528469345797519,0.07803824685470317,0.0784629488985925,421,304,219,112,64,0,0,0.18887850848788656,0.6339875368386674,0.3424986424332258,0.6512983274666784,0,0.0,0,0.0,0.0,8.936030179262161,1.4641013145446777,7.471501171588898,0.00039669689610424705
400,0.7790288247924764,0.75,0.7594832296922704,0.7360515189987631,24.587890625,1.7923926825582042,0.04485567208394059,0.04541199750746794,384,248,199,58,100,0,0,0.1839383451375873,0.6129840964357633,0.3356787931981845,0.6392340960715716,0,0.0,0,0.0,0.0,8.39274263381958,1.3343394100666046,7.057987153530121,0.00039662977059875675
408,0.8039411052304786,0.80078125,0.7881910314740603,0.8090606264885951,31.1015625,1.370586306721882,0.0454248693313275,0.04497118624578142,410,326,146,63,89,0,0,0.179840610311946,0.588973088632376,0.3281023461572875,0.625191159018624,0,0.0,0,0.0,0.0,10.508961468935013,1.7365666329860687,8.771991908550262,0.0003965626564516449
416,0.6351152105912661,0.75,0.7616119043641862,0.7379669884604095,29.91015625,1.4496149067419717,0.045136918705793505,0.04102074842424386,384,330,138,56,103,0,0,0.17648233783397618,0.5673698032991468,0.32268868132999984,0.6116266235848831,0,0.0,0,0.0,0.0,10.164391487836838,1.7325542271137238,8.431533843278885,0.0003964955536609895
424,0.7536229011020623,0.783203125,0.8216975106007511,0.7484917859917859,32.71484375,1.3829682538921673,0.03735633184987819,0.034561445661732804,401,389,141,78,80,0,0,0.17386179912157118,0.5432085517986283,0.3166033807552032,0.5955849080280409,0,0.0,0,0.0,0.0,11.040122628211975,1.8706386387348175,9.16914913058281,0.00039642846222486905
432,0.5993740287776745,0.71875,0.771648655337403,0.6668402162353776,27.296875,1.5118934874472623,0.06207217507835594,0.059428707599333185,368,283,120,73,79,0,0,0.1712572090119123,0.5243648339474567,0.3138541847907581,0.5812665006036319,0,0.0,0,0.0,0.0,9.288102835416794,1.5910211205482483,7.696759432554245,0.00039636138214136214
440,0.536864103138214,0.73828125,0.7620678909965088,0.7228225659874691,36.56640625,1.0879489224194114,0.04443063153348703,0.04038099910570479,378,460,98,61,79,0,0,0.16846931934586717,0.5017609036578599,0.3095720031328011,0.5654254605804319,0,0.0,0,0.0,0.0,12.348616927862167,2.175944358110428,10.172354578971863,0.0003962943134085478
448,0.48095142804959323,0.720703125,0.7265137922769667,0.7135959537774054,34.16796875,1.2521143348061017,0.04177742368165127,0.039824731519991656,369,420,91,65,107,0,0,0.16621921185906136,0.48360772027173404,0.30412713979608874,0.5519037469047936,0,0.0,0,0.0,0.0,11.833993673324585,2.020035058259964,9.813612937927246,0.0003962272560245054
456,0.641086857256596,0.748046875,0.763186553030303,0.7347080963688776,34.203125,1.3023980520509109,0.047240486468581366,0.044163086814563005,383,457,100,90,91,0,0,0.16592988981157283,0.4644232549526925,0.3024637612759602,0.5371581042136264,0,0.0,0,0.0,0.0,11.744280844926834,2.1808422207832336,9.56310486793518,0.00039616020998731454
464,0.5588841460994445,0.734375,0.7530379832291254,0.7120750044744946,38.703125,1.2577070121351475,0.03312337446914171,0.030651481625449152,376,515,57,49,99,0,0,0.16202949556780147,0.4461268899862085,0.2996425164713181,0.5215714760591236,0,0.0,0,0.0,0.0,13.093889743089676,2.333085536956787,10.760497361421585,0.00039609317529505525
472,0.6621141883433665,0.74609375,0.7545680860510349,0.7343480668361152,47.380859375,1.2940998585959242,0.0312539502101572,0.02957986261199062,382,710,69,112,81,0,0,0.1651145814285252,0.4253500977361201,0.30343280890282687,0.5041984490084519,0,0.0,0,0.0,0.0,16.00317022204399,2.9526566863059998,13.050157457590103,0.0003960261519458079
480,0.49745049576449674,0.701171875,0.7227328705776981,0.6813246203021607,46.06640625,1.3774987646126053,0.035391307617487655,0.033144871546878125,359,698,51,71,99,0,0,0.16426705361224003,0.40719635152355654,0.30084068186298996,0.4884177198292091,0,0.0,0,0.0,0.0,15.623299032449722,2.9554677307605743,12.667531430721283,0.00039595913993765297
488,0.6893198829511675,0.751953125,0.7619788200406781,0.7397454941572589,44.4375,1.3805890197757578,0.030518864852638217,0.028376306859999263,385,669,52,66,74,0,0,0.16259696449304537,0.3887728188546897,0.2990494945907254,0.47142004533563453,0,0.0,0,0.0,0.0,15.067723214626312,2.8497983515262604,12.217592865228653,0.0003958921392686716
496,0.6235455811984139,0.724609375,0.7750750593492528,0.670931021090052,39.560546875,1.389833622020173,0.030761985206481768,0.028910250093649482,371,612,49,76,74,0,0,0.16218660153129189,0.37173923996831143,0.29832371735396856,0.4563786653279729,0,0.0,0,0.0,0.0,13.464416831731796,2.570681005716324,10.893413811922073,0.00039582514993694495
